X1,X2,y
1.0,1.0,8.342349
2.0,1.0,9.585238
3.0,1.0,12.00188
4.0,1.0,11.96141
5.0,1.0,11.42057
6.0,1.0,11.17394
7.0,1.0,12.27702
8.0,1.0,11.30125
9.0,1.0,12.72968
10.0,1.0,14.14893
11.0,1.0,11.7874
12.0,1.0,16.88813
13.0,1.0,20.05321
14.0,1.0,17.50991
15.0,1.0,18.30991
16.0,1.0,17.9674
17.0,1.0,14.96053
18.0,1.0,13.20578
19.0,1.0,10.95092
20.0,1.0,12.04201
21.0,1.0,13.31914
22.0,1.0,18.85799
23.0,1.0,30.27121
24.0,1.0,31.97828
25.0,1.0,26.90624
26.0,1.0,28.25347
27.0,1.0,27.79525
28.0,1.0,23.22745
29.0,1.0,23.20031
30.0,1.0,30.86975
31.0,1.0,39.184465
32.0,1.0,34.417611
33.0,1.0,18.035493
34.0,1.0,8.396575
35.0,1.0,11.72825
36.0,1.0,7.12893
37.0,1.0,8.700636
38.0,1.0,8.116884
39.0,1.0,15.798573
40.0,1.0,11.420847
1.0,2.0,13.98644
2.0,2.0,16.62486
3.0,2.0,13.01961
4.0,2.0,14.82384
5.0,2.0,14.97213
6.0,2.0,10.9523
7.0,2.0,12.68335
8.0,2.0,21.36255
9.0,2.0,25.98881
10.0,2.0,22.47561
11.0,2.0,18.38578
12.0,2.0,17.37035
13.0,2.0,21.07166
14.0,2.0,17.85212
15.0,2.0,18.30164
16.0,2.0,20.07689
17.0,2.0,16.44128
18.0,2.0,15.14526
19.0,2.0,16.23882
20.0,2.0,17.48324
21.0,2.0,17.3168
22.0,2.0,27.38677
23.0,2.0,29.60295
24.0,2.0,40.68021
25.0,2.0,38.77392
26.0,2.0,39.59245
27.0,2.0,30.58388
28.0,2.0,30.0589
29.0,2.0,49.59627
30.0,2.0,43.033563
31.0,2.0,34.206081
32.0,2.0,33.400522
33.0,2.0,21.500346
34.0,2.0,21.853076
35.0,2.0,14.420491
36.0,2.0,13.789101
37.0,2.0,16.9856
38.0,2.0,21.222708
39.0,2.0,19.24319
40.0,2.0,14.265159
1.0,3.0,16.34831
2.0,3.0,17.66575
3.0,3.0,19.05648
4.0,3.0,18.3741
5.0,3.0,13.63736
6.0,3.0,17.49423
7.0,3.0,18.37013
8.0,3.0,21.3696
9.0,3.0,27.92641
10.0,3.0,30.9826
11.0,3.0,26.64997
12.0,3.0,24.61958
13.0,3.0,18.89238
14.0,3.0,18.6601
15.0,3.0,26.45225
16.0,3.0,29.13353
17.0,3.0,25.69823
18.0,3.0,17.77252
19.0,3.0,20.94574
20.0,3.0,19.98714
21.0,3.0,38.08987
22.0,3.0,37.16903
23.0,3.0,37.24215
24.0,3.0,30.77533
25.0,3.0,32.73382
26.0,3.0,35.19825
27.0,3.0,40.16944
28.0,3.0,39.53102
29.0,3.0,44.55345
30.0,3.0,37.673572
31.0,3.0,32.679746
32.0,3.0,19.63905
33.0,3.0,17.572587
34.0,3.0,23.474241
35.0,3.0,25.456395
36.0,3.0,26.21405
37.0,3.0,31.31347
38.0,3.0,33.71367
39.0,3.0,24.77377
40.0,3.0,22.19079
1.0,4.0,12.61778
2.0,4.0,16.7623
3.0,4.0,15.64772
4.0,4.0,20.690423
5.0,4.0,27.239768
6.0,4.0,41.562469
7.0,4.0,36.689615
8.0,4.0,38.38553
9.0,4.0,45.10349
10.0,4.0,39.07573
11.0,4.0,40.64475
12.0,4.0,35.80323
13.0,4.0,36.69598
14.0,4.0,39.89446
15.0,4.0,43.92406
16.0,4.0,43.02715
17.0,4.0,44.1759
18.0,4.0,46.14852
19.0,4.0,67.58041
20.0,4.0,85.11165
21.0,4.0,75.68364
22.0,4.0,75.08414
23.0,4.0,57.58699
24.0,4.0,64.24445
25.0,4.0,54.975
26.0,4.0,48.78301
27.0,4.0,50.10167
28.0,4.0,43.77069
29.0,4.0,35.951886
30.0,4.0,30.139493
31.0,4.0,21.490162
32.0,4.0,15.02737
33.0,4.0,15.468981
34.0,4.0,19.68215
35.0,4.0,27.79699
36.0,4.0,39.05369
37.0,4.0,46.62026
38.0,4.0,36.43446
39.0,4.0,40.84204
40.0,4.0,36.690813
1.0,5.0,11.70713
2.0,5.0,15.34322
3.0,5.0,19.21349
4.0,5.0,39.77532
5.0,5.0,39.609556
6.0,5.0,43.82809
7.0,5.0,44.7764
8.0,5.0,38.58541
9.0,5.0,37.71389
10.0,5.0,38.80198
11.0,5.0,39.36429
12.0,5.0,44.53934
13.0,5.0,43.38404
14.0,5.0,44.808908
15.0,5.0,44.653524
16.0,5.0,52.774614
17.0,5.0,69.24584
18.0,5.0,88.72205
19.0,5.0,94.31127
20.0,5.0,92.74655
21.0,5.0,83.12067
22.0,5.0,66.77435
23.0,5.0,61.56231
24.0,5.0,63.98991
25.0,5.0,64.47161
26.0,5.0,52.43702
27.0,5.0,35.5835
28.0,5.0,22.15433
29.0,5.0,16.796306
30.0,5.0,7.443408
31.0,5.0,7.098637
32.0,5.0,13.657376
33.0,5.0,23.54105
34.0,5.0,29.147508
35.0,5.0,40.85102
36.0,5.0,51.17516
37.0,5.0,49.28848
38.0,5.0,47.52436
39.0,5.0,35.81201
40.0,5.0,47.86942
1.0,6.0,15.94975
2.0,6.0,23.91961
3.0,6.0,31.07735
4.0,6.0,39.74668
5.0,6.0,39.26638
6.0,6.0,37.58627
7.0,6.0,39.14315
8.0,6.0,32.75046
9.0,6.0,39.07288
10.0,6.0,40.27454
11.0,6.0,47.10913
12.0,6.0,38.53436
13.0,6.0,42.46846
14.0,6.0,30.801455
15.0,6.0,35.794618
16.0,6.0,40.404319
17.0,6.0,66.31419
18.0,6.0,69.42619
19.0,6.0,64.82729
20.0,6.0,63.50081
21.0,6.0,42.75551
22.0,6.0,37.94519
23.0,6.0,46.90372
24.0,6.0,38.77229
25.0,6.0,52.40998
26.0,6.0,42.485515
27.0,6.0,31.342648
28.0,6.0,26.593778
29.0,6.0,9.421102
30.0,6.0,14.561459
31.0,6.0,16.526291
32.0,6.0,22.790581
33.0,6.0,27.734484
34.0,6.0,44.354696
35.0,6.0,57.684174
36.0,6.0,56.30677
37.0,6.0,54.70299
38.0,6.0,50.57392
39.0,6.0,46.23339
40.0,6.0,41.62562
1.0,7.0,22.57811
2.0,7.0,30.0656
3.0,7.0,37.9875
4.0,7.0,35.04409
5.0,7.0,29.66249
6.0,7.0,27.51969
7.0,7.0,31.55076
8.0,7.0,43.14795
9.0,7.0,48.04033
10.0,7.0,42.62462
11.0,7.0,40.31644
12.0,7.0,45.002816
13.0,7.0,31.961236
14.0,7.0,43.642719
15.0,7.0,21.017423
16.0,7.0,44.664244
17.0,7.0,49.599865
18.0,7.0,59.27852
19.0,7.0,33.51048
20.0,7.0,27.79292
21.0,7.0,39.11433
22.0,7.0,40.29818
23.0,7.0,36.23002
24.0,7.0,25.55594
25.0,7.0,12.47509
26.0,7.0,24.835613
27.0,7.0,28.779822
28.0,7.0,29.40431
29.0,7.0,43.013937
30.0,7.0,25.648972
31.0,7.0,38.152075
32.0,7.0,40.466404
33.0,7.0,37.532038
34.0,7.0,49.769619
35.0,7.0,52.343411
36.0,7.0,54.48671
37.0,7.0,43.31223
38.0,7.0,46.67561
39.0,7.0,41.24794
40.0,7.0,38.87387
1.0,8.0,39.66066
2.0,8.0,34.67573
3.0,8.0,27.53088
4.0,8.0,31.7493
5.0,8.0,27.41799
6.0,8.0,40.94712
7.0,8.0,43.93412
8.0,8.0,36.89839
9.0,8.0,43.47779
10.0,8.0,48.28862
11.0,8.0,44.761402
12.0,8.0,47.813635
13.0,8.0,41.011846
14.0,8.0,40.680222
15.0,8.0,42.004729
16.0,8.0,39.74037
17.0,8.0,29.388818
18.0,8.0,21.64406
19.0,8.0,13.66026
20.0,8.0,26.01299
21.0,8.0,26.27285
22.0,8.0,36.47131
23.0,8.0,29.87921
24.0,8.0,29.386631
25.0,8.0,29.442523
26.0,8.0,29.772678
27.0,8.0,31.188778
28.0,8.0,55.156807
29.0,8.0,55.332983
30.0,8.0,57.209309
31.0,8.0,58.930848
32.0,8.0,59.630692
33.0,8.0,52.882956
34.0,8.0,40.021278
35.0,8.0,40.164161
36.0,8.0,37.24672
37.0,8.0,40.63006
38.0,8.0,51.70526
39.0,8.0,40.72029
40.0,8.0,39.35081
1.0,9.0,42.06185
2.0,9.0,51.56163
3.0,9.0,41.154
4.0,9.0,38.96316
5.0,9.0,39.84656
6.0,9.0,42.93349
7.0,9.0,38.2457
8.0,9.0,40.67155
9.0,9.0,42.17127
10.0,9.0,41.66459
11.0,9.0,29.571928
12.0,9.0,25.844301
13.0,9.0,29.098322
14.0,9.0,30.075406
15.0,9.0,31.026247
16.0,9.0,30.595968
17.0,9.0,19.768451
18.0,9.0,20.7994
19.0,9.0,20.63533
20.0,9.0,22.34759
21.0,9.0,20.39709
22.0,9.0,13.11308
23.0,9.0,16.915598
24.0,9.0,18.862253
25.0,9.0,27.245619
26.0,9.0,36.202925
27.0,9.0,42.573715
28.0,9.0,41.681774
29.0,9.0,44.469766
30.0,9.0,57.920295
31.0,9.0,65.723212
32.0,9.0,48.932478
33.0,9.0,44.873083
34.0,9.0,41.400691
35.0,9.0,44.469527
36.0,9.0,41.53942
37.0,9.0,45.21586
38.0,9.0,37.70845
39.0,9.0,37.52124
40.0,9.0,32.937309
1.0,10.0,36.076505
2.0,10.0,42.6043
3.0,10.0,42.04634
4.0,10.0,36.55859
5.0,10.0,50.8353
6.0,10.0,48.03956
7.0,10.0,40.66405
8.0,10.0,42.49908
9.0,10.0,35.03963
10.0,10.0,31.088866
11.0,10.0,19.854366
12.0,10.0,21.617939
13.0,10.0,31.006429
14.0,10.0,29.764845
15.0,10.0,28.580105
16.0,10.0,28.138646
17.0,10.0,27.967433
18.0,10.0,32.73706
19.0,10.0,21.03538
20.0,10.0,19.7541
21.0,10.0,10.425644
22.0,10.0,9.424003
23.0,10.0,9.792669
24.0,10.0,21.262533
25.0,10.0,31.967832
26.0,10.0,38.916709
27.0,10.0,37.749799
28.0,10.0,36.227253
29.0,10.0,32.159588
30.0,10.0,26.60072
31.0,10.0,40.047615
32.0,10.0,31.27687
33.0,10.0,39.686719
34.0,10.0,41.99453
35.0,10.0,43.088573
36.0,10.0,35.06357
37.0,10.0,35.73339
38.0,10.0,44.66931
39.0,10.0,43.05928
40.0,10.0,39.031363
1.0,11.0,22.487284
2.0,11.0,29.200863
3.0,11.0,30.883852
4.0,11.0,30.314677
5.0,11.0,30.863703
6.0,11.0,43.970819
7.0,11.0,30.96381
8.0,11.0,30.777252
9.0,11.0,29.436322
10.0,11.0,21.469033
11.0,11.0,12.543721
12.0,11.0,18.383262
13.0,11.0,13.283876
14.0,11.0,21.279178
15.0,11.0,14.831218
16.0,11.0,19.647151
17.0,11.0,21.84801
18.0,11.0,46.14221
19.0,11.0,46.17463
20.0,11.0,27.34018
21.0,11.0,22.778467
22.0,11.0,18.89185
23.0,11.0,20.77554
24.0,11.0,34.2196
25.0,11.0,36.120883
26.0,11.0,34.257937
27.0,11.0,31.448005
28.0,11.0,28.973747
29.0,11.0,40.516493
30.0,11.0,44.208749
31.0,11.0,63.75156
32.0,11.0,66.766444
33.0,11.0,63.01555
34.0,11.0,59.27001
35.0,11.0,46.05568
36.0,11.0,36.21841
37.0,11.0,38.626054
38.0,11.0,40.165056
39.0,11.0,44.54276
40.0,11.0,32.993621
1.0,12.0,24.710596
2.0,12.0,36.237129
3.0,12.0,40.199625
4.0,12.0,39.913548
5.0,12.0,34.381807
6.0,12.0,41.542326
7.0,12.0,37.436249
8.0,12.0,38.508178
9.0,12.0,41.337239
10.0,12.0,19.398824
11.0,12.0,19.560589
12.0,12.0,21.703166
13.0,12.0,21.376716
14.0,12.0,22.055383
15.0,12.0,19.694574
16.0,12.0,21.580787
17.0,12.0,52.1015
18.0,12.0,52.18449
19.0,12.0,39.79311
20.0,12.0,38.288
21.0,12.0,42.79299
22.0,12.0,42.9435
23.0,12.0,47.85445
24.0,12.0,44.17561
25.0,12.0,40.33117
26.0,12.0,40.20887
27.0,12.0,36.15191
28.0,12.0,36.30814
29.0,12.0,40.737222
30.0,12.0,49.902801
31.0,12.0,53.384042
32.0,12.0,69.44336
33.0,12.0,81.93642
34.0,12.0,80.32108
35.0,12.0,63.9169
36.0,12.0,42.61582
37.0,12.0,42.33427
38.0,12.0,41.344131
39.0,12.0,57.59187
40.0,12.0,54.70645
1.0,13.0,25.862639
2.0,13.0,30.355136
3.0,13.0,33.904818
4.0,13.0,39.104579
5.0,13.0,34.868684
6.0,13.0,38.385175
7.0,13.0,42.041711
8.0,13.0,29.602468
9.0,13.0,21.906236
10.0,13.0,21.803371
11.0,13.0,22.694243
12.0,13.0,22.296256
13.0,13.0,21.039708
14.0,13.0,18.004968
15.0,13.0,18.647692
16.0,13.0,46.91954
17.0,13.0,47.95841
18.0,13.0,43.555016
19.0,13.0,53.14392
20.0,13.0,37.750086
21.0,13.0,62.11364
22.0,13.0,70.27683
23.0,13.0,69.26997
24.0,13.0,63.98202
25.0,13.0,49.84151
26.0,13.0,46.70298
27.0,13.0,38.52704
28.0,13.0,65.91251
29.0,13.0,61.385062
30.0,13.0,62.6071
31.0,13.0,65.389477
32.0,13.0,72.8893
33.0,13.0,87.89077
34.0,13.0,81.4517
35.0,13.0,65.38942
36.0,13.0,39.34247
37.0,13.0,40.144169
38.0,13.0,43.69819
39.0,13.0,58.18321
40.0,13.0,73.10307
1.0,14.0,31.271448
2.0,14.0,31.835797
3.0,14.0,25.728562
4.0,14.0,30.257694
5.0,14.0,26.003761
6.0,14.0,26.942689
7.0,14.0,21.222316
8.0,14.0,33.00505
9.0,14.0,19.864433
10.0,14.0,20.557334
11.0,14.0,19.898168
12.0,14.0,29.048676
13.0,14.0,25.654072
14.0,14.0,32.86591
15.0,14.0,37.76107
16.0,14.0,50.9512
17.0,14.0,48.82419
18.0,14.0,54.4827
19.0,14.0,45.755135
20.0,14.0,44.748864
21.0,14.0,54.10542
22.0,14.0,80.53429
23.0,14.0,72.53301
24.0,14.0,60.88335
25.0,14.0,65.92666
26.0,14.0,84.29752
27.0,14.0,98.85638
28.0,14.0,106.32284
29.0,14.0,95.64235
30.0,14.0,84.383315
31.0,14.0,94.06141
32.0,14.0,96.30979
33.0,14.0,61.45759
34.0,14.0,52.72515
35.0,14.0,61.2451
36.0,14.0,62.87898
37.0,14.0,72.058679
38.0,14.0,80.69971
39.0,14.0,94.37297
40.0,14.0,85.83388
1.0,15.0,24.920728
2.0,15.0,22.02756
3.0,15.0,19.864991
4.0,15.0,25.006915
5.0,15.0,20.230858
6.0,15.0,35.400397
7.0,15.0,30.867213
8.0,15.0,32.358305
9.0,15.0,30.151708
10.0,15.0,22.711623
11.0,15.0,46.77475
12.0,15.0,53.89065
13.0,15.0,62.459687
14.0,15.0,77.11554
15.0,15.0,89.94308
16.0,15.0,84.6839
17.0,15.0,50.66246
18.0,15.0,37.10622
19.0,15.0,45.967294
20.0,15.0,33.055535
21.0,15.0,58.3189
22.0,15.0,60.538003
23.0,15.0,69.11689
24.0,15.0,85.14991
25.0,15.0,95.84554
26.0,15.0,100.473
27.0,15.0,106.4597
28.0,15.0,145.22329
29.0,15.0,124.66944
30.0,15.0,97.02681
31.0,15.0,105.3526
32.0,15.0,96.67877
33.0,15.0,93.0657
34.0,15.0,84.3191
35.0,15.0,89.08946
36.0,15.0,82.36802
37.0,15.0,106.04717
38.0,15.0,111.76734
39.0,15.0,109.59688
40.0,15.0,113.80683
1.0,16.0,26.362907
2.0,16.0,27.83549
3.0,16.0,31.42352
4.0,16.0,24.790502
5.0,16.0,28.650108
6.0,16.0,39.101322
7.0,16.0,48.840586
8.0,16.0,50.929549
9.0,16.0,44.978439
10.0,16.0,64.511368
11.0,16.0,80.999287
12.0,16.0,87.660522
13.0,16.0,94.34754
14.0,16.0,118.54277
15.0,16.0,119.8658
16.0,16.0,82.42263
17.0,16.0,75.68647
18.0,16.0,66.71301
19.0,16.0,44.41069
20.0,16.0,65.89809
21.0,16.0,75.21472
22.0,16.0,92.51416
23.0,16.0,100.3171
24.0,16.0,113.30207
25.0,16.0,127.46169
26.0,16.0,128.2866
27.0,16.0,142.17635
28.0,16.0,138.51252
29.0,16.0,128.7147
30.0,16.0,127.42975
31.0,16.0,125.81711
32.0,16.0,120.56913
33.0,16.0,99.27556
34.0,16.0,106.01206
35.0,16.0,110.62951
36.0,16.0,134.91512
37.0,16.0,151.5615
38.0,16.0,143.2225
39.0,16.0,111.85198
40.0,16.0,108.15746
1.0,17.0,40.530982
2.0,17.0,37.601622
3.0,17.0,31.918869
4.0,17.0,42.876186
5.0,17.0,35.892039
6.0,17.0,26.954866
7.0,17.0,44.666015
8.0,17.0,64.935176
9.0,17.0,83.561994
10.0,17.0,106.258613
11.0,17.0,114.58897
12.0,17.0,125.319087
13.0,17.0,140.1364
14.0,17.0,140.42929
15.0,17.0,121.27443
16.0,17.0,79.21466
17.0,17.0,79.51447
18.0,17.0,64.88362
19.0,17.0,64.16301
20.0,17.0,84.57153
21.0,17.0,108.15533
22.0,17.0,111.73134
23.0,17.0,124.39514
24.0,17.0,172.97549
25.0,17.0,176.62859
26.0,17.0,174.05406
27.0,17.0,162.08538
28.0,17.0,155.40081
29.0,17.0,155.75082
30.0,17.0,142.38276
31.0,17.0,133.42437
32.0,17.0,145.02642
33.0,17.0,166.144
34.0,17.0,167.12
35.0,17.0,157.2163
36.0,17.0,151.11081
37.0,17.0,152.4094
38.0,17.0,133.77221
39.0,17.0,112.13356
40.0,17.0,120.99111
1.0,18.0,43.52198
2.0,18.0,48.23161
3.0,18.0,51.680166
4.0,18.0,41.956197
5.0,18.0,48.317782
6.0,18.0,55.117593
7.0,18.0,71.767457
8.0,18.0,91.289038
9.0,18.0,111.311047
10.0,18.0,119.41994
11.0,18.0,112.239675
12.0,18.0,118.121961
13.0,18.0,130.71976
14.0,18.0,145.79011
15.0,18.0,126.45807
16.0,18.0,127.47145
17.0,18.0,131.16754
18.0,18.0,108.96183
19.0,18.0,98.66501
20.0,18.0,127.55958
21.0,18.0,164.56101
22.0,18.0,179.5603
23.0,18.0,192.2541
24.0,18.0,191.18201
25.0,18.0,174.09616
26.0,18.0,169.35581
27.0,18.0,169.04163
28.0,18.0,168.64538
29.0,18.0,172.0732
30.0,18.0,145.53582
31.0,18.0,111.32825
32.0,18.0,133.03025
33.0,18.0,158.6399
34.0,18.0,171.9313
35.0,18.0,176.5998
36.0,18.0,155.30898
37.0,18.0,147.52902
38.0,18.0,139.17439
39.0,18.0,126.06917
40.0,18.0,118.91769
1.0,19.0,51.41293
2.0,19.0,62.12205
3.0,19.0,75.67822
4.0,19.0,83.47089
5.0,19.0,82.528688
6.0,19.0,85.489979
7.0,19.0,107.38798
8.0,19.0,126.63151
9.0,19.0,136.03805
10.0,19.0,113.007123
11.0,19.0,104.282592
12.0,19.0,107.15773
13.0,19.0,111.421531
14.0,19.0,142.54706
15.0,19.0,151.2536
16.0,19.0,172.178
17.0,19.0,185.7371
18.0,19.0,209.8481
19.0,19.0,219.5143
20.0,19.0,215.7583
21.0,19.0,222.2998
22.0,19.0,206.3734
23.0,19.0,218.8512
24.0,19.0,191.11654
25.0,19.0,182.57039
26.0,19.0,164.44131
27.0,19.0,139.41891
28.0,19.0,128.25238
29.0,19.0,115.80079
30.0,19.0,102.67918
31.0,19.0,72.23113
32.0,19.0,130.85063
33.0,19.0,134.23027
34.0,19.0,128.21625
35.0,19.0,154.6731
36.0,19.0,136.56097
37.0,19.0,134.05143
38.0,19.0,149.6703
39.0,19.0,141.65609
40.0,19.0,119.39718
1.0,20.0,57.06447
2.0,20.0,86.04255
3.0,20.0,98.0217
4.0,20.0,77.56247
5.0,20.0,93.337222
6.0,20.0,113.656916
7.0,20.0,110.9772
8.0,20.0,113.23463
9.0,20.0,107.76658
10.0,20.0,90.419316
11.0,20.0,83.555352
12.0,20.0,97.434058
13.0,20.0,91.777142
14.0,20.0,124.63992
15.0,20.0,140.925451
16.0,20.0,198.4621
17.0,20.0,207.7898
18.0,20.0,222.3388
19.0,20.0,245.1647
20.0,20.0,266.1815
21.0,20.0,229.3092
22.0,20.0,207.2141
23.0,20.0,170.71663
24.0,20.0,170.63234
25.0,20.0,146.45835
26.0,20.0,142.13082
27.0,20.0,137.14908
28.0,20.0,130.46769
29.0,20.0,104.23379
30.0,20.0,97.274965
31.0,20.0,102.73414
32.0,20.0,96.15589
33.0,20.0,94.64575
34.0,20.0,100.49026
35.0,20.0,123.31066
36.0,20.0,138.1302
37.0,20.0,121.01588
38.0,20.0,119.38629
39.0,20.0,123.76903
40.0,20.0,105.28327
1.0,21.0,82.57618
2.0,21.0,92.06533
3.0,21.0,103.91042
4.0,21.0,119.333
5.0,21.0,121.983489
6.0,21.0,117.87893
7.0,21.0,125.15833
8.0,21.0,114.51112
9.0,21.0,80.852615
10.0,21.0,62.732656
11.0,21.0,73.492309
12.0,21.0,59.971588
13.0,21.0,105.421273
14.0,21.0,122.15406
15.0,21.0,149.7927
16.0,21.0,160.35571
17.0,21.0,174.63333
18.0,21.0,209.9306
19.0,21.0,211.23317
20.0,21.0,240.3437
21.0,21.0,209.9704
22.0,21.0,176.09243
23.0,21.0,151.457541
24.0,21.0,152.19884
25.0,21.0,124.63035
26.0,21.0,114.41632
27.0,21.0,85.84829
28.0,21.0,137.87577
29.0,21.0,131.70613
30.0,21.0,115.66184
31.0,21.0,112.94228
32.0,21.0,119.77274
33.0,21.0,112.71363
34.0,21.0,125.78554
35.0,21.0,112.92887
36.0,21.0,130.62752
37.0,21.0,118.31392
38.0,21.0,122.12501
39.0,21.0,106.80302
40.0,21.0,86.40724
1.0,22.0,82.39486
2.0,22.0,113.61185
3.0,22.0,106.24491
4.0,22.0,126.88638
5.0,22.0,135.59793
6.0,22.0,138.13906
7.0,22.0,139.21986
8.0,22.0,113.6075
9.0,22.0,105.035212
10.0,22.0,84.475366
11.0,22.0,80.115194
12.0,22.0,121.89475
13.0,22.0,111.4156
14.0,22.0,103.03365
15.0,22.0,88.09226
16.0,22.0,88.93349
17.0,22.0,155.47877
18.0,22.0,148.0344
19.0,22.0,172.334
20.0,22.0,115.38459
21.0,22.0,123.8477
22.0,22.0,109.44022
23.0,22.0,106.60501
24.0,22.0,132.8718
25.0,22.0,116.13676
26.0,22.0,86.12299
27.0,22.0,96.46485
28.0,22.0,98.05929
29.0,22.0,155.80576
30.0,22.0,156.50285
31.0,22.0,146.68336
32.0,22.0,145.2975
33.0,22.0,125.00018
34.0,22.0,133.09292
35.0,22.0,118.21651
36.0,22.0,115.49056
37.0,22.0,107.10606
38.0,22.0,84.20867
39.0,22.0,90.52458
40.0,22.0,64.55777
1.0,23.0,93.99868
2.0,23.0,102.6537
3.0,23.0,112.14821
4.0,23.0,117.51184
5.0,23.0,108.92236
6.0,23.0,118.19294
7.0,23.0,111.68231
8.0,23.0,106.86323
9.0,23.0,91.418543
10.0,23.0,92.792214
11.0,23.0,112.845071
12.0,23.0,119.40115
13.0,23.0,102.21825
14.0,23.0,91.97706
15.0,23.0,87.95375
16.0,23.0,90.99601
17.0,23.0,106.66687
18.0,23.0,129.00874
19.0,23.0,104.52039
20.0,23.0,63.64505
21.0,23.0,35.23865
22.0,23.0,57.52634
23.0,23.0,76.99076
24.0,23.0,120.00421
25.0,23.0,139.90377
26.0,23.0,127.14528
27.0,23.0,116.31379
28.0,23.0,140.78415
29.0,23.0,126.16269
30.0,23.0,127.16227
31.0,23.0,100.9041
32.0,23.0,97.76863
33.0,23.0,99.78707
34.0,23.0,93.07658
35.0,23.0,97.14723
36.0,23.0,101.73377
37.0,23.0,75.33023
38.0,23.0,81.88304
39.0,23.0,74.93347
40.0,23.0,57.62019
1.0,24.0,105.63223
2.0,24.0,105.80032
3.0,24.0,120.91198
4.0,24.0,115.82742
5.0,24.0,110.84771
6.0,24.0,120.53359
7.0,24.0,98.51269
8.0,24.0,102.166478
9.0,24.0,82.783033
10.0,24.0,92.854299
11.0,24.0,110.06991
12.0,24.0,111.44346
13.0,24.0,116.30245
14.0,24.0,84.79116
15.0,24.0,80.47562
16.0,24.0,124.3338
17.0,24.0,129.07747
18.0,24.0,112.04194
19.0,24.0,75.17502
20.0,24.0,50.03906
21.0,24.0,43.57672
22.0,24.0,43.01688
23.0,24.0,67.42861
24.0,24.0,72.80952
25.0,24.0,125.09887
26.0,24.0,129.54152
27.0,24.0,122.53193
28.0,24.0,117.43266
29.0,24.0,91.85233
30.0,24.0,101.7426
31.0,24.0,95.56413
32.0,24.0,90.32456
33.0,24.0,72.35496
34.0,24.0,55.88033
35.0,24.0,82.21484
36.0,24.0,65.05001
37.0,24.0,54.3314
38.0,24.0,69.02031
39.0,24.0,64.05257
40.0,24.0,47.89658
1.0,25.0,107.44511
2.0,25.0,113.28012
3.0,25.0,116.84991
4.0,25.0,116.15581
5.0,25.0,114.24712
6.0,25.0,113.31804
7.0,25.0,95.40196
8.0,25.0,100.70928
9.0,25.0,80.91171
10.0,25.0,108.35295
11.0,25.0,110.36742
12.0,25.0,63.50727
13.0,25.0,90.99334
14.0,25.0,97.02591
15.0,25.0,108.14478
16.0,25.0,128.78246
17.0,25.0,93.7227
18.0,25.0,78.84838
19.0,25.0,44.13431
20.0,25.0,45.94502
21.0,25.0,50.59579
22.0,25.0,64.03354
23.0,25.0,63.61199
24.0,25.0,69.18714
25.0,25.0,65.46073
26.0,25.0,87.87283
27.0,25.0,108.17555
28.0,25.0,114.24997
29.0,25.0,108.27191
30.0,25.0,86.33877
31.0,25.0,80.83195
32.0,25.0,48.04862
33.0,25.0,49.56033
34.0,25.0,49.17134
35.0,25.0,49.42964
36.0,25.0,57.77801
37.0,25.0,67.43081
38.0,25.0,59.94944
39.0,25.0,48.01413
40.0,25.0,44.99455
1.0,26.0,113.30808
2.0,26.0,118.63847
3.0,26.0,110.12735
4.0,26.0,93.75952
5.0,26.0,107.20616
6.0,26.0,87.20593
7.0,26.0,100.31776
8.0,26.0,110.40766
9.0,26.0,128.71535
10.0,26.0,127.03459
11.0,26.0,112.32437
12.0,26.0,100.85583
13.0,26.0,107.487081
14.0,26.0,102.504951
15.0,26.0,98.22703
16.0,26.0,118.45526
17.0,26.0,79.37539
18.0,26.0,50.01506
19.0,26.0,51.60779
20.0,26.0,47.27517
21.0,26.0,40.38987
22.0,26.0,58.4194
23.0,26.0,60.17102
24.0,26.0,72.87761
25.0,26.0,77.11955
26.0,26.0,60.24844
27.0,26.0,73.82111
28.0,26.0,111.39179
29.0,26.0,120.00027
30.0,26.0,100.4621
31.0,26.0,70.10157
32.0,26.0,78.36896
33.0,26.0,68.11179
34.0,26.0,45.64275
35.0,26.0,62.04467
36.0,26.0,69.71491
37.0,26.0,74.92052
38.0,26.0,82.38592
39.0,26.0,71.05157
40.0,26.0,56.71479
1.0,27.0,94.11358
2.0,27.0,103.30109
3.0,27.0,99.7085
4.0,27.0,90.073
5.0,27.0,76.55426
6.0,27.0,71.830374
7.0,27.0,87.246169
8.0,27.0,88.065893
9.0,27.0,102.67062
10.0,27.0,98.11475
11.0,27.0,111.59366
12.0,27.0,105.402166
13.0,27.0,95.265374
14.0,27.0,74.060268
15.0,27.0,77.801555
16.0,27.0,70.22072
17.0,27.0,51.64232
18.0,27.0,58.43725
19.0,27.0,59.18927
20.0,27.0,51.0806
21.0,27.0,60.50844
22.0,27.0,64.15419
23.0,27.0,75.73362
24.0,27.0,65.21939
25.0,27.0,72.38446
26.0,27.0,65.79178
27.0,27.0,84.21275
28.0,27.0,77.19136
29.0,27.0,101.7428
30.0,27.0,92.54944
31.0,27.0,104.30177
32.0,27.0,92.15983
33.0,27.0,115.20864
34.0,27.0,93.81929
35.0,27.0,88.27696
36.0,27.0,93.25277
37.0,27.0,89.43616
38.0,27.0,96.80836
39.0,27.0,86.77393
40.0,27.0,73.561264
1.0,28.0,57.343809
2.0,28.0,59.58183
3.0,28.0,76.55718
4.0,28.0,72.87416
5.0,28.0,83.02615
6.0,28.0,86.6561
7.0,28.0,81.561783
8.0,28.0,69.739874
9.0,28.0,59.32584
10.0,28.0,60.331509
11.0,28.0,41.984971
12.0,28.0,57.860017
13.0,28.0,56.383727
14.0,28.0,54.061911
15.0,28.0,65.47106
16.0,28.0,72.41891
17.0,28.0,75.47744
18.0,28.0,71.0625
19.0,28.0,68.87791
20.0,28.0,66.8744
21.0,28.0,73.37133
22.0,28.0,57.01181
23.0,28.0,56.74986
24.0,28.0,63.01281
25.0,28.0,80.95852
26.0,28.0,86.93094
27.0,28.0,82.64761
28.0,28.0,69.31883
29.0,28.0,80.3854
30.0,28.0,83.65807
31.0,28.0,109.93688
32.0,28.0,124.49632
33.0,28.0,117.09306
34.0,28.0,136.8161
35.0,28.0,124.117
36.0,28.0,114.31513
37.0,28.0,105.7688
38.0,28.0,94.34
39.0,28.0,70.55229
40.0,28.0,59.69553
1.0,29.0,42.31226
2.0,29.0,40.09365
3.0,29.0,35.14655
4.0,29.0,40.496326
5.0,29.0,46.960119
6.0,29.0,52.585641
7.0,29.0,42.851506
8.0,29.0,26.271741
9.0,29.0,47.356307
10.0,29.0,52.962337
11.0,29.0,54.49594
12.0,29.0,33.167429
13.0,29.0,36.890736
14.0,29.0,55.371153
15.0,29.0,80.10075
16.0,29.0,75.72651
17.0,29.0,72.52461
18.0,29.0,72.23136
19.0,29.0,83.67465
20.0,29.0,61.90607
21.0,29.0,59.94982
22.0,29.0,53.52288
23.0,29.0,68.01667
24.0,29.0,68.72898
25.0,29.0,74.96773
26.0,29.0,84.10414
27.0,29.0,110.50939
28.0,29.0,95.08043
29.0,29.0,102.52296
30.0,29.0,116.84471
31.0,29.0,106.0076
32.0,29.0,85.74604
33.0,29.0,94.387475
34.0,29.0,107.84234
35.0,29.0,103.74869
36.0,29.0,110.92146
37.0,29.0,110.92328
38.0,29.0,85.46931
39.0,29.0,62.33629
40.0,29.0,55.23179
1.0,30.0,49.90976
2.0,30.0,46.12888
3.0,30.0,28.43551
4.0,30.0,35.104893
5.0,30.0,35.885509
6.0,30.0,18.228293
7.0,30.0,42.188232
8.0,30.0,33.555271
9.0,30.0,49.797693
10.0,30.0,49.077361
11.0,30.0,70.307329
12.0,30.0,65.90305
13.0,30.0,46.449393
14.0,30.0,50.530113
15.0,30.0,69.79385
16.0,30.0,58.8963
17.0,30.0,50.59188
18.0,30.0,48.45264
19.0,30.0,51.49684
20.0,30.0,49.69823
21.0,30.0,61.28738
22.0,30.0,53.80454
23.0,30.0,53.95482
24.0,30.0,86.83679
25.0,30.0,132.72819
26.0,30.0,125.81104
27.0,30.0,105.17833
28.0,30.0,87.08187
29.0,30.0,96.93391
30.0,30.0,86.77499
31.0,30.0,84.65616
32.0,30.0,71.085916
33.0,30.0,84.035543
34.0,30.0,48.543627
35.0,30.0,48.692962
36.0,30.0,86.44865
37.0,30.0,102.87863
38.0,30.0,102.73272
39.0,30.0,87.54555
40.0,30.0,68.77184
1.0,31.0,52.10146
2.0,31.0,46.46658
3.0,31.0,40.518423
4.0,31.0,42.346597
5.0,31.0,50.563943
6.0,31.0,51.71122
7.0,31.0,57.991753
8.0,31.0,63.57568
9.0,31.0,52.887327
10.0,31.0,70.502549
11.0,31.0,68.925514
12.0,31.0,69.53301
13.0,31.0,50.60681
14.0,31.0,53.83003
15.0,31.0,38.30722
16.0,31.0,44.03559
17.0,31.0,25.61425
18.0,31.0,25.8609
19.0,31.0,36.1997
20.0,31.0,45.26139
21.0,31.0,29.112
22.0,31.0,47.64415
23.0,31.0,77.18574
24.0,31.0,122.76347
25.0,31.0,115.75606
26.0,31.0,115.58326
27.0,31.0,110.97456
28.0,31.0,74.12329
29.0,31.0,73.94077
30.0,31.0,79.18867
31.0,31.0,90.68612
32.0,31.0,79.75477
33.0,31.0,64.879862
34.0,31.0,56.88111
35.0,31.0,55.732321
36.0,31.0,55.93531
37.0,31.0,67.47645
38.0,31.0,81.20198
39.0,31.0,85.26496
40.0,31.0,82.21421
1.0,32.0,41.310606
2.0,32.0,47.470007
3.0,32.0,53.79033
4.0,32.0,53.24339
5.0,32.0,53.475195
6.0,32.0,58.777536
7.0,32.0,67.877003
8.0,32.0,55.238658
9.0,32.0,61.078967
10.0,32.0,57.314717
11.0,32.0,39.857874
12.0,32.0,57.07096
13.0,32.0,82.66541
14.0,32.0,66.61857
15.0,32.0,58.28173
16.0,32.0,21.2841
17.0,32.0,27.40833
18.0,32.0,47.99903
19.0,32.0,43.91181
20.0,32.0,34.47227
21.0,32.0,50.16381
22.0,32.0,81.02525
23.0,32.0,119.59475
24.0,32.0,107.03631
25.0,32.0,107.31627
26.0,32.0,90.51915
27.0,32.0,54.98469
28.0,32.0,63.29982
29.0,32.0,63.19848
30.0,32.0,94.26524
31.0,32.0,93.8953
32.0,32.0,80.69494
33.0,32.0,65.2443
34.0,32.0,53.054668
35.0,32.0,54.36505
36.0,32.0,63.79663
37.0,32.0,65.28716
38.0,32.0,56.63705
39.0,32.0,47.14599
40.0,32.0,50.14593
1.0,33.0,57.764489
2.0,33.0,52.006617
3.0,33.0,51.510048
4.0,33.0,59.082991
5.0,33.0,62.72478
6.0,33.0,62.419942
7.0,33.0,53.253297
8.0,33.0,54.267119
9.0,33.0,66.28519
10.0,33.0,74.499033
11.0,33.0,79.12188
12.0,33.0,86.70197
13.0,33.0,87.0297
14.0,33.0,94.39601
15.0,33.0,81.83419
16.0,33.0,87.21912
17.0,33.0,77.35959
18.0,33.0,65.89807
19.0,33.0,61.93267
20.0,33.0,65.44958
21.0,33.0,97.29208
22.0,33.0,124.49369
23.0,33.0,122.13019
24.0,33.0,100.62461
25.0,33.0,59.10773
26.0,33.0,59.85983
27.0,33.0,46.79918
28.0,33.0,67.57717
29.0,33.0,80.03924
30.0,33.0,108.64777
31.0,33.0,89.76203
32.0,33.0,84.29312
33.0,33.0,65.07725
34.0,33.0,47.67916
35.0,33.0,35.383
36.0,33.0,35.92542
37.0,33.0,54.82685
38.0,33.0,50.49042
39.0,33.0,35.95776
40.0,33.0,37.68253
1.0,34.0,48.23102
2.0,34.0,63.73072
3.0,34.0,76.869608
4.0,34.0,68.55869
5.0,34.0,79.56871
6.0,34.0,67.01371
7.0,34.0,80.860785
8.0,34.0,75.180274
9.0,34.0,92.2093
10.0,34.0,98.20501
11.0,34.0,79.56484
12.0,34.0,65.15002
13.0,34.0,85.41345
14.0,34.0,103.41678
15.0,34.0,127.83074
16.0,34.0,123.38357
17.0,34.0,126.40181
18.0,34.0,130.22197
19.0,34.0,113.043
20.0,34.0,110.92547
21.0,34.0,143.70989
22.0,34.0,125.73996
23.0,34.0,92.61074
24.0,34.0,73.56997
25.0,34.0,91.80088
26.0,34.0,71.60654
27.0,34.0,71.85014
28.0,34.0,82.42518
29.0,34.0,85.669931
30.0,34.0,79.026175
31.0,34.0,72.50779
32.0,34.0,75.16997
33.0,34.0,66.39984
34.0,34.0,56.80769
35.0,34.0,56.94927
36.0,34.0,53.79419
37.0,34.0,55.46364
38.0,34.0,52.33695
39.0,34.0,49.11378
40.0,34.0,38.09742
1.0,35.0,64.59009
2.0,35.0,81.54273
3.0,35.0,85.92579
4.0,35.0,87.15431
5.0,35.0,86.83527
6.0,35.0,76.32578
7.0,35.0,67.45071
8.0,35.0,86.00329
9.0,35.0,88.81882
10.0,35.0,95.12349
11.0,35.0,94.63925
12.0,35.0,88.60504
13.0,35.0,83.26458
14.0,35.0,88.99438
15.0,35.0,114.17828
16.0,35.0,123.40057
17.0,35.0,130.3436
18.0,35.0,147.5982
19.0,35.0,173.8589
20.0,35.0,180.0577
21.0,35.0,140.16687
22.0,35.0,129.37126
23.0,35.0,102.25852
24.0,35.0,87.95896
25.0,35.0,66.02532
26.0,35.0,74.36234
27.0,35.0,84.256976
28.0,35.0,75.19209
29.0,35.0,62.96036
30.0,35.0,52.79619
31.0,35.0,53.50882
32.0,35.0,61.74273
33.0,35.0,54.07582
34.0,35.0,55.92384
35.0,35.0,66.46289
36.0,35.0,51.69697
37.0,35.0,56.31827
38.0,35.0,55.30646
39.0,35.0,40.01309
40.0,35.0,46.53463
1.0,36.0,64.01578
2.0,36.0,78.53895
3.0,36.0,97.29482
4.0,36.0,80.80346
5.0,36.0,98.85456
6.0,36.0,85.87967
7.0,36.0,71.87267
8.0,36.0,67.57909
9.0,36.0,52.77697
10.0,36.0,59.23186
11.0,36.0,75.5421
12.0,36.0,75.15914
13.0,36.0,87.31686
14.0,36.0,100.0307
15.0,36.0,91.71391
16.0,36.0,81.05158
17.0,36.0,104.90665
18.0,36.0,143.29518
19.0,36.0,145.56538
20.0,36.0,167.1352
21.0,36.0,131.69894
22.0,36.0,110.9901
23.0,36.0,78.02285
24.0,36.0,76.048
25.0,36.0,68.41053
26.0,36.0,71.01694
27.0,36.0,68.77456
28.0,36.0,57.25787
29.0,36.0,62.52117
30.0,36.0,40.44653
31.0,36.0,54.45891
32.0,36.0,34.99663
33.0,36.0,38.5022
34.0,36.0,55.15938
35.0,36.0,47.13274
36.0,36.0,49.28979
37.0,36.0,48.91336
38.0,36.0,48.21863
39.0,36.0,41.82029
40.0,36.0,40.48488
1.0,37.0,76.51074
2.0,37.0,79.43733
3.0,37.0,83.64445
4.0,37.0,75.09562
5.0,37.0,62.01669
6.0,37.0,76.30077
7.0,37.0,66.65677
8.0,37.0,62.48318
9.0,37.0,60.40349
10.0,37.0,54.86893
11.0,37.0,40.21622
12.0,37.0,50.38809
13.0,37.0,62.18194
14.0,37.0,67.89052
15.0,37.0,68.81251
16.0,37.0,87.18785
17.0,37.0,94.68961
18.0,37.0,105.40073
19.0,37.0,102.59137
20.0,37.0,87.41157
21.0,37.0,83.29433
22.0,37.0,82.17229
23.0,37.0,75.38189
24.0,37.0,68.46
25.0,37.0,60.31331
26.0,37.0,60.79453
27.0,37.0,52.43116
28.0,37.0,60.06409
29.0,37.0,52.37961
30.0,37.0,51.63071
31.0,37.0,36.05894
32.0,37.0,42.53392
33.0,37.0,23.44826
34.0,37.0,29.72272
35.0,37.0,40.29382
36.0,37.0,43.87877
37.0,37.0,48.45143
38.0,37.0,45.9948
39.0,37.0,47.38026
40.0,37.0,42.55462
1.0,38.0,74.23113
2.0,38.0,75.3147
3.0,38.0,80.19782
4.0,38.0,67.25466
5.0,38.0,60.30604
6.0,38.0,53.38877
7.0,38.0,49.90106
8.0,38.0,68.68208
9.0,38.0,52.35639
10.0,38.0,52.76441
11.0,38.0,38.378081
12.0,38.0,46.355942
13.0,38.0,55.979807
14.0,38.0,72.56857
15.0,38.0,69.23
16.0,38.0,68.07507
17.0,38.0,57.29888
18.0,38.0,48.22965
19.0,38.0,33.17658
20.0,38.0,19.63065
21.0,38.0,18.31201
22.0,38.0,35.82559
23.0,38.0,43.00448
24.0,38.0,45.78136
25.0,38.0,55.47298
26.0,38.0,47.38216
27.0,38.0,48.4296
28.0,38.0,47.10728
29.0,38.0,49.56689
30.0,38.0,38.83963
31.0,38.0,29.33192
32.0,38.0,26.66667
33.0,38.0,27.59118
34.0,38.0,31.6407
35.0,38.0,27.02418
36.0,38.0,26.94195
37.0,38.0,42.18213
38.0,38.0,35.80049
39.0,38.0,39.08239
40.0,38.0,30.31766
1.0,39.0,50.07747
2.0,39.0,46.6953
3.0,39.0,43.95251
4.0,39.0,42.27325
5.0,39.0,40.73245
6.0,39.0,37.19992
7.0,39.0,49.16379
8.0,39.0,60.93465
9.0,39.0,62.27513
10.0,39.0,62.470479
11.0,39.0,59.402596
12.0,39.0,62.20063
13.0,39.0,61.68864
14.0,39.0,58.71218
15.0,39.0,54.71958
16.0,39.0,51.5228
17.0,39.0,33.8403
18.0,39.0,29.2826
19.0,39.0,27.64534
20.0,39.0,17.90523
21.0,39.0,14.53051
22.0,39.0,19.77879
23.0,39.0,34.46845
24.0,39.0,36.45961
25.0,39.0,37.94339
26.0,39.0,32.70164
27.0,39.0,38.74375
28.0,39.0,39.81262
29.0,39.0,39.7323
30.0,39.0,28.21021
31.0,39.0,17.662825
32.0,39.0,28.1351
33.0,39.0,29.53536
34.0,39.0,22.74488
35.0,39.0,31.96819
36.0,39.0,29.78852
37.0,39.0,30.25002
38.0,39.0,26.24657
39.0,39.0,24.35038
40.0,39.0,22.73687
1.0,40.0,37.504881
2.0,40.0,34.156704
3.0,40.0,28.363197
4.0,40.0,31.24836
5.0,40.0,41.01523
6.0,40.0,45.46126
7.0,40.0,52.88651
8.0,40.0,59.52756
9.0,40.0,48.30319
10.0,40.0,58.711748
11.0,40.0,57.867364
12.0,40.0,47.637716
13.0,40.0,44.982643
14.0,40.0,38.075137
15.0,40.0,32.116411
16.0,40.0,33.883881
17.0,40.0,27.47401
18.0,40.0,29.28337
19.0,40.0,31.09917
20.0,40.0,16.79034
21.0,40.0,13.05495
22.0,40.0,22.76797
23.0,40.0,22.97157
24.0,40.0,32.9296
25.0,40.0,32.36583
26.0,40.0,26.27738
27.0,40.0,25.86987
28.0,40.0,24.673431
29.0,40.0,26.24989
30.0,40.0,20.38552
31.0,40.0,23.280523
32.0,40.0,22.432042
33.0,40.0,22.87414
34.0,40.0,22.19762
35.0,40.0,26.86853
36.0,40.0,26.63598
37.0,40.0,21.9917
38.0,40.0,20.29211
39.0,40.0,20.18153
40.0,40.0,15.08428
